,bg,eq_BG,CGM_glucose,IOB,rate,running_temp,unsafe_action_reason,LBGI,HBGI,BGI,Label,detection
0,0,0,242,0.0498147999999998,0.0499999999999999,0.0,Null,0.0,103.1732092515152,206.3464185030304,0,0
1,0,0,229,0.0992591999999998,0.0499999999999999,0.0499999999999999,Null,0.0,95.96306182066536,191.92612364133072,0,0
2,0,0,222,0.1481479999999997,0.0499999999999999,0.0499999999999999,Null,0.0,91.01760326908271,182.03520653816543,0,0
3,0,0,219,0.1962959999999996,0.0499999999999999,0.0499999999999999,Null,0.0,87.73657000844236,175.4731400168847,0,0
4,0,0,215,0.2435179999999995,0.0499999999999999,0.0499999999999999,Null,0.0,84.91302794357182,169.82605588714364,0,0
5,0,0,212,0.2896287999999994,0.0499999999999999,0.0499999999999999,Null,0.0,82.50122369309985,165.0024473861997,0,0
6,0,0,209,0.3344431999999993,0.0499999999999999,0.0499999999999999,Null,0.0,80.32855213568824,160.65710427137648,0,0
7,0,0,208,0.3777759999999992,0.0499999999999999,0.0499999999999999,Null,0.0,78.56859937291999,157.13719874583998,0,0
8,0,0,208,0.4194419999999991,0.0499999999999999,0.0499999999999999,Null,0.0,77.19974722410025,154.3994944482005,0,0
9,0,0,210,0.459255999999999,0.0499999999999999,0.0499999999999999,Null,0.0,76.31370354889978,152.62740709779956,0,0
10,0,0,212,0.497032799999999,0.0499999999999999,0.0499999999999999,Null,0.0,75.77993072088526,151.55986144177052,0,0
11,0,0,213,0.5325871999999989,0.0499999999999999,0.0499999999999999,Null,0.0,75.42311781539937,150.84623563079873,0,0
12,0,0,213,0.5657339999999988,0.0499999999999999,0.0499999999999999,Null,0.0,72.78353169902765,145.5670633980553,0,0
13,0,0,211,0.5962879999999988,0.0499999999999999,0.0499999999999999,Null,0.0,71.1698909758597,142.3397819517194,100,0
14,0,0,207,0.6240659999999988,0.0499999999999999,0.0499999999999999,Null,0.0,69.84338386937121,139.68676773874242,100,0
15,0,0,239,0.6491984999999988,0.0499999999999999,0.0499999999999999,Null,0.0,71.67054928187277,143.34109856374553,100,0
16,0,0,230,0.6718177999999988,0.0499999999999999,0.0499999999999999,Null,0.0,73.02322902785154,146.04645805570308,100,0
17,0,0,219,0.6920561999999988,0.0499999999999999,0.0499999999999999,Null,0.0,73.64416801,147.28833602,0,0
18,0,0,207,0.7100459999999987,0.0499999999999999,0.0499999999999999,Null,0.0,73.47050785140306,146.9410157028061,100,0
19,0,0,195,0.7259194999999987,0.0499999999999999,0.0499999999999999,Null,0.0,72.36694407670572,144.73388815341144,0,0
