,bg,eq_BG,CGM_glucose,IOB,rate,running_temp,unsafe_action_reason,LBGI,HBGI,BGI,Label,detection
0,0,0,401,0.0498147999999998,0.0499999999999999,0.0,Null,0.0,286.36545420034673,572.7309084006935,0,0
1,0,0,401,0.0992591999999998,0.0499999999999999,0.0499999999999999,Null,0.0,286.36545420034673,572.7309084006935,0,0
2,0,0,401,0.1481479999999997,0.0499999999999999,0.0499999999999999,Null,0.0,286.3654542003467,572.7309084006934,0,0
3,0,0,401,0.1962959999999996,0.0499999999999999,0.0499999999999999,Null,0.0,286.36545420034673,572.7309084006935,0,0
4,0,0,401,0.2435179999999995,0.0499999999999999,0.0499999999999999,Null,0.0,286.36545420034673,572.7309084006935,0,0
5,0,0,401,0.2896287999999994,0.0499999999999999,0.0499999999999999,Null,0.0,286.36545420034673,572.7309084006935,0,0
6,0,0,401,0.3344431999999993,0.0499999999999999,0.0499999999999999,Null,0.0,286.36545420034673,572.7309084006935,0,0
7,0,0,401,0.3777759999999992,0.0499999999999999,0.0499999999999999,Null,0.0,286.36545420034673,572.7309084006935,0,0
8,0,0,401,0.4194419999999991,0.0499999999999999,0.0499999999999999,Null,0.0,286.36545420034673,572.7309084006935,0,0
9,0,0,401,0.459255999999999,0.0499999999999999,0.0499999999999999,Null,0.0,286.36545420034673,572.7309084006935,0,0
10,0,0,401,0.497032799999999,0.0499999999999999,0.0499999999999999,Null,0.0,286.36545420034673,572.7309084006935,0,0
11,0,0,401,0.5325871999999989,0.0499999999999999,0.0499999999999999,Null,0.0,286.36545420034673,572.7309084006935,0,0
12,0,0,401,0.5657339999999988,0.0499999999999999,0.0499999999999999,Null,0.0,286.36545420034673,572.7309084006935,0,0
13,0,0,401,0.5962879999999988,0.0499999999999999,0.0499999999999999,Null,0.0,286.36545420034673,572.7309084006935,0,0
14,0,0,401,0.6240659999999988,0.0499999999999999,0.0499999999999999,Null,0.0,286.36545420034673,572.7309084006935,0,0
15,0,0,401,0.6491984999999988,0.0499999999999999,0.0499999999999999,Null,0.0,286.36545420034673,572.7309084006935,0,0
16,0,0,401,0.6718177999999988,0.0499999999999999,0.0499999999999999,Null,0.0,286.36545420034673,572.7309084006935,0,0
17,0,0,401,0.6920561999999988,0.0499999999999999,0.0499999999999999,Null,0.0,286.36545420034673,572.7309084006935,0,0
