,bg,eq_BG,CGM_glucose,IOB,rate,running_temp,unsafe_action_reason,LBGI,HBGI,BGI,Label,detection
0,0,0,258,0.0498147999999998,0.0499999999999999,0.0,Null,0.0,121.26885750514586,242.53771501029172,0,0
1,0,0,248,0.0992591999999998,0.0499999999999999,0.0499999999999999,Null,0.0,115.59487701004153,231.18975402008306,0,0
2,0,0,232,0.1481479999999997,0.0499999999999999,0.0499999999999999,Null,0.0,107.74766094836517,215.49532189673033,0,0
3,0,0,136,0.1962959999999996,0.0499999999999999,0.0499999999999999,Null,0.0,82.37568347657313,164.75136695314626,0,0
4,0,0,137,0.2435179999999995,0.0499999999999999,0.0499999999999999,Null,0.0,67.25131494718507,134.50262989437013,0,0
5,0,0,137,0.2896287999999994,0.0499999999999999,0.0499999999999999,Null,0.0,57.16840259425969,114.33680518851938,0,0
6,0,0,138,0.3344431999999993,0.0499999999999999,0.0499999999999999,Null,0.0,50.03905415704365,100.0781083140873,0,0
7,0,0,140,0.3777759999999992,0.0499999999999999,0.0499999999999999,Null,0.0,44.824789821526274,89.64957964305255,0,0
8,0,0,143,0.4194419999999991,0.0499999999999999,0.0499999999999999,Null,0.0,40.95785018508535,81.9157003701707,0,0
9,0,0,146,0.459255999999999,0.0499999999999999,0.0499999999999999,Null,0.0,38.045831137089806,76.09166227417961,0,0
10,0,0,150,0.497032799999999,0.0499999999999999,0.0499999999999999,Null,0.0,35.89878008629829,71.79756017259658,0,0
11,0,0,153,0.5325871999999989,0.0499999999999999,0.0499999999999999,Null,0.0,34.281356498517496,68.56271299703499,0,0
12,0,0,154,0.5657339999999988,0.0499999999999999,0.0499999999999999,Null,0.0,25.608793661826788,51.217587323653575,0,0
