BG,OpenAPS,Basal_Bolus,DCLP3
148.0,0.14166666666666666,0.049999999999999996,0.025583334267139435
152.0,0.14166666666666666,0.049999999999999996,0.09166666865348816
148.0,0.0,0.049999999999999996,0.17524999380111697
143.0,0.0,0.049999999999999996,0.09166666865348816
142.0,0.0,0.049999999999999996,0.0915833314259847
153.0,0.125,0.049999999999999996,0.06558333337306975
