,bg,eq_BG,CGM_glucose,IOB,rate,running_temp,unsafe_action_reason,LBGI,HBGI,BGI,Label,detection
0,0,0,222,0.0581172666666666,0.0583333333333333,0.0,Null,0.0,81.12668616591746,162.25337233183492,0,0
1,0,0,222,0.1158023999999999,0.0583333333333333,0.0583333333333333,Null,0.0,81.12668616591746,162.25337233183492,0,0
2,0,0,220,0.1728393333333332,0.0583333333333333,0.0583333333333333,Null,0.0,80.4073596091051,160.8147192182102,0,0
3,0,0,217,0.2290119999999998,0.0583333333333333,0.0583333333333333,Null,0.0,79.24321546342902,158.48643092685805,100,0
4,0,0,222,0.2841043333333332,0.0583333333333333,0.0583333333333333,Null,0.0,79.61990960392671,159.23981920785343,100,0
5,0,0,227,0.3379002666666665,0.0583333333333333,0.0583333333333333,Null,0.0,80.77708278558339,161.55416557116678,100,0
6,0,0,228,0.3901837333333331,0.0583333333333333,0.0583333333333333,Null,0.0,81.7599103951293,163.5198207902586,100,0
7,0,0,226,0.4407386666666664,0.0583333333333333,0.0583333333333333,Null,0.0,82.22381912783331,164.44763825566662,0,0
8,0,0,222,0.4893489999999997,0.0583333333333333,0.0583333333333333,Null,0.0,82.1019154653982,164.2038309307964,0,0
9,0,0,218,0.5357986666666663,0.0583333333333333,0.0583333333333333,Null,0.0,81.5738049360232,163.1476098720464,0,0
10,0,0,214,0.5798715999999996,0.0583333333333333,0.0583333333333333,Null,0.0,80.75410288623344,161.50820577246688,0,0
11,0,0,210,0.6213517333333329,0.0583333333333333,0.0583333333333333,Null,0.0,79.71953685172194,159.43907370344388,0,0
12,0,0,207,0.6600229999999996,0.0583333333333333,0.0583333333333333,Null,0.0,78.39302974523345,156.7860594904669,0,0
13,0,0,205,0.6956693333333329,0.0583333333333333,0.0583333333333333,Null,0.0,76.89397381452767,153.78794762905534,0,0
14,0,0,203,0.7280769999999995,0.0583333333333333,0.0583333333333333,Null,0.0,75.40336013237847,150.80672026475693,0,0
