,bg,eq_BG,CGM_glucose,IOB,rate,running_temp,unsafe_action_reason,LBGI,HBGI,BGI,Label,detection
0,0,0,244,0.0498147999999998,0.0499999999999999,0.0,Null,0.0,105.41672666974054,210.83345333948108,0,0
1,0,0,240,0.0992591999999998,0.0499999999999999,0.0499999999999999,Null,0.0,103.1762568589809,206.3525137179618,0,0
2,0,0,236,0.1481479999999997,0.0499999999999999,0.0499999999999999,Null,0.0,100.94431845873486,201.8886369174697,0,0
3,0,0,232,0.1962959999999996,0.0499999999999999,0.0499999999999999,Null,0.0,98.72154605030426,197.4430921006085,0,0
4,0,0,229,0.2435179999999995,0.0499999999999999,0.0499999999999999,Null,0.0,96.72781971820652,193.45563943641304,0,0
5,0,0,225,0.2896287999999994,0.0499999999999999,0.0499999999999999,Null,0.0,94.67011969428285,189.3402393885657,0,0
6,0,0,223,0.3344431999999993,0.0499999999999999,0.0499999999999999,Null,0.0,92.8900056494608,185.7800112989216,0,0
7,0,0,223,0.3777759999999992,0.0499999999999999,0.0499999999999999,Null,0.0,91.55492011584428,183.10984023168857,0,0
8,0,0,226,0.4194419999999991,0.0499999999999999,0.0499999999999999,Null,0.0,90.87894902039062,181.75789804078124,0,0
9,0,0,228,0.459255999999999,0.0499999999999999,0.0499999999999999,Null,0.0,90.55674172359204,181.11348344718408,0,0
10,0,0,227,12.890954621937556,12.4899995803833,0.0499999999999999,Null,0.0,90.19366962998065,180.3873392599613,0,0
11,0,0,229,12.834353505046078,0.0499999999999999,12.4899995803833,Null,0.0,90.0736066933002,180.1472133866004,0,0
12,0,0,237,12.72926702970886,0.0499999999999999,0.0499999999999999,Null,0.0,89.42152470795327,178.84304941590653,100,0
13,0,0,248,12.5755099959259,0.0499999999999999,0.0499999999999999,Null,0.0,90.17028383017959,180.34056766035917,100,0
14,0,0,259,12.372899203697202,0.0499999999999999,0.0499999999999999,Null,0.0,92.33105383534108,184.66210767068216,100,0
15,0,0,266,12.121565153022765,0.0499999999999999,0.0499999999999999,Null,0.0,95.52840282173959,191.05680564347918,100,0
16,0,0,270,11.821640143902586,0.0499999999999999,0.0499999999999999,Null,0.0,99.38380163347196,198.76760326694392,100,0
17,0,0,270,11.473256476336667,0.0499999999999999,0.0499999999999999,Null,0.0,103.60347501313362,207.20695002626724,100,0
