,bg,eq_BG,CGM_glucose,IOB,rate,running_temp,unsafe_action_reason,LBGI,HBGI,BGI,Label,detection
0,0,0,356,0.107932062707742,0.1083333293596903,0.0,Null,0.0,234.80717363699284,469.6143472739857,0,0
1,0,0,349,0.1569443294038453,0.0499999999999999,0.1083333293596903,Null,0.0,230.7590489318428,461.5180978636856,0,0
2,0,0,347,0.2051849294480003,0.0499999999999999,0.0499999999999999,Null,0.0,228.63763057239834,457.2752611447967,0,0
3,0,0,338,0.3397275894071576,0.1375833352406819,0.0499999999999999,Null,0.0,224.9677569724899,449.9355139449798,0,0
4,0,0,335,0.5250339708156265,0.1903333266576131,0.1375833352406819,Null,0.0,222.06915318977047,444.13830637954095,0,0
5,0,0,333,0.7467537217669482,0.2295833428700765,0.1903333266576131,Null,0.0,219.74952732976263,439.49905465952526,100,0
6,0,0,348,0.993762056113052,0.2586666742960612,0.2295833428700765,Null,0.0,220.57859664898746,441.1571932979749,100,0
7,0,0,364,1.2563585748982744,0.2790833314259847,0.2586666742960612,Null,0.0,223.51109134260344,447.0221826852069,100,0
8,0,0,388,1.5272070960007027,0.2932500044504801,0.2790833314259847,Null,0.0,228.85094331812255,457.7018866362451,100,0
9,0,0,401,1.8005195473940847,0.3027499914169311,0.2932500044504801,Null,0.0,234.60239440634498,469.20478881268997,100,0
10,0,0,401,5.4250538641661,3.6746187011400857,0.3027499914169311,Null,0.0,239.30812711489057,478.61625422978113,100,0
11,0,0,401,5.404137435453509,0.0499999999999999,3.6746187011400857,Null,0.0,243.2295710386786,486.4591420773572,100,0
12,0,0,394,5.362203762396399,0.0499999999999999,0.0499999999999999,Null,0.0,246.8630987689187,493.7261975378374,100,0
13,0,0,381,5.299067644994766,0.0499999999999999,0.0499999999999999,Null,0.0,249.93446311787267,499.86892623574533,100,0
14,0,0,367,5.21454821658179,0.0499999999999999,0.0499999999999999,Null,0.0,251.85938601924366,503.7187720384873,100,0
15,0,0,354,5.109141960465866,0.0499999999999999,0.0499999999999999,Null,0.0,253.40417902285023,506.80835804570046,100,0
16,0,0,338,4.98298327664686,0.0499999999999999,0.0499999999999999,Null,0.0,253.6944621990062,507.3889243980124,100,0
