,bg,eq_BG,CGM_glucose,IOB,rate,running_temp,unsafe_action_reason,LBGI,HBGI,BGI,Label,detection
0,0,0,118,0.0581172666666666,0.0583333333333333,0.0,Null,0.0,0.39340113804720145,0.7868022760944029,0,0
1,0,0,110,0.1158023999999999,0.0583333333333333,0.0583333333333333,Null,0.04443657570089469,0.19670056902360072,0.48227428944899087,100,0
2,0,0,106,0.1728393333333332,0.0583333333333333,0.0583333333333333,Null,0.23549086612552683,0.13113371268240048,0.7332491576158546,100,0
3,0,0,104,0.2290119999999998,0.0583333333333333,0.0583333333333333,Null,0.445239983048274,0.09835028451180036,1.087180535120149,100,0
4,0,0,103,0.2841043333333332,0.0583333333333333,0.0583333333333333,Null,0.6270341102421046,0.0786802276094403,1.41142867570309,100,0
5,0,0,102,0.3379002666666665,0.0583333333333333,0.0583333333333333,Null,0.8007623629693833,0.06556685634120024,1.7326584386211672,0,0
6,0,0,103,0.3901837333333331,0.0583333333333333,0.0583333333333333,Null,0.8798263995476753,0.056200162578171634,1.8720531242516938,0,0
7,0,0,105,0.4407386666666664,0.0583333333333333,0.0583333333333333,Null,0.8735059645903669,0.04917514225590018,1.845362213692534,0,0
8,0,0,108,0.4893489999999997,0.0583333333333333,0.0583333333333333,Null,0.8088230784350002,0.04371123756080016,1.7050686319916009,0,0
9,0,0,113,0.5357986666666663,0.0583333333333333,0.0583333333333333,Null,0.7279407705915002,0.039658250669438205,1.5351980425218767,0,0
10,0,0,117,0.5798715999999996,0.0583333333333333,0.0583333333333333,Null,0.6617643369013638,0.0601624332030068,1.4438535402087413,0,0
11,0,0,120,0.6213517333333329,0.0583333333333333,0.0583333333333333,Null,0.6066173088262502,0.11520361518775354,1.4436418480280075,0,0
