,bg,eq_BG,CGM_glucose,IOB,rate,running_temp,unsafe_action_reason,LBGI,HBGI,BGI,Label,detection
0,0,0,66,0.0581172666666666,0.0583333333333333,0.0,Null,48.931491803462315,0.0,97.86298360692463,0,0
1,0,0,67,0.1158023999999999,0.0583333333333333,0.0583333333333333,Null,47.578239786958186,0.0,95.15647957391637,0,0
2,0,0,69,0.1728393333333332,0.0583333333333333,0.0583333333333333,Null,45.43599577699749,0.0,90.87199155399497,0,0
3,0,0,72,0.2290119999999998,0.0583333333333333,0.0583333333333333,Null,42.6589639990954,0.0,85.3179279981908,0,0
4,0,0,74,0.2841043333333332,0.0583333333333333,0.0583333333333333,Null,40.17903478793052,0.0,80.35806957586104,0,0
5,0,0,76,0.3379002666666665,0.0583333333333333,0.0583333333333333,Null,37.90648781182416,0.0,75.81297562364831,0,0
6,0,0,77,0.3901837333333331,0.0583333333333333,0.0583333333333333,Null,36.035658285235826,0.0,72.07131657047165,0,0
7,0,0,78,0.4407386666666664,0.0583333333333333,0.0583333333333333,Null,34.42581845466991,0.0,68.85163690933982,0,0
8,0,0,80,0.4893489999999997,0.0583333333333333,0.0583333333333333,Null,32.8314795253998,0.0,65.6629590507996,0,0
9,0,0,82,0.5357986666666663,0.0583333333333333,0.0583333333333333,Null,31.27663381418507,0.0,62.55326762837014,0,0
10,0,0,82,0.5798715999999996,0.0583333333333333,0.0583333333333333,Null,30.00448732319121,0.0,60.00897464638242,0,0
11,0,0,78,0.6213517333333329,0.0583333333333333,0.0583333333333333,Null,29.433858349650986,0.0,58.86771669930197,0,0
12,0,0,72,0.6600229999999996,0.0583333333333333,0.0583333333333333,Null,28.216889754811554,0.0,56.43377950962311,0,0
