,bg,eq_BG,CGM_glucose,IOB,rate,running_temp,unsafe_action_reason,LBGI,HBGI,BGI,Label,detection
0,0,0,99,0.0498147999999998,0.0499999999999999,0.0,Null,2.8380344204169674,0.0,5.676068840833935,0,0
1,0,0,101,0.0992591999999998,0.0499999999999999,0.0499999999999999,Null,2.429553002051879,0.0,4.859106004103758,0,0
2,0,0,104,0.1481479999999997,0.0499999999999999,0.0499999999999999,Null,1.9778644459734243,0.0,3.9557288919468485,0,0
3,0,0,107,0.1962959999999996,0.0499999999999999,0.0499999999999999,Null,1.5930459655757603,0.0,3.1860919311515206,0,0
4,0,0,107,0.2435179999999995,0.0499999999999999,0.0499999999999999,Null,1.362154877337162,0.0,2.724309754674324,0,0
5,0,0,109,0.2896287999999994,0.0499999999999999,0.0499999999999999,Null,1.1643058410901421,0.0,2.3286116821802842,0,0
6,0,0,113,0.3344431999999993,0.0499999999999999,0.0499999999999999,Null,0.9979764352201217,0.0004544812353115065,1.9968618329108665,100,0
7,0,0,104,0.3777759999999992,0.0499999999999999,0.0499999999999999,Null,1.007540297544671,0.0003976710808975682,2.015875937251137,100,0
8,0,0,82,0.4194419999999991,0.0499999999999999,0.0499999999999999,Null,2.8159271992899892,0.0003534854052422828,5.632561369390463,100,0
9,0,0,401,0.459255999999999,0.0499999999999999,0.0499999999999999,Null,2.5343344793609903,28.63686355689939,62.342396072520756,100,0
10,0,0,401,0.497032799999999,0.0499999999999999,0.0499999999999999,Null,2.3039404357827182,52.06673543357642,108.74135173871828,100,0
