,bg,eq_BG,CGM_glucose,IOB,rate,running_temp,unsafe_action_reason,LBGI,HBGI,BGI,Label,detection
0,0,0,401,0.0481543066666666,0.0483333333333333,0.0,Null,0.0,286.36545420034673,572.7309084006935,0,0
1,0,0,401,0.0959505599999999,0.0483333333333333,0.0483333333333333,Null,0.0,286.36545420034673,572.7309084006935,0,0
2,0,0,401,0.0950554266666666,0.0,0.0483333333333333,Null,0.0,286.3654542003467,572.7309084006934,0,0
3,0,0,401,0.1419565466666665,0.0483333333333333,0.0,Null,0.0,286.36545420034673,572.7309084006935,0,0
4,0,0,401,0.1881415599999998,0.0483333333333333,0.0483333333333333,Null,0.0,286.36545420034673,572.7309084006935,0,0
5,0,0,391,0.2334314399999998,0.0483333333333333,0.0483333333333333,Null,0.0,284.4698676676138,568.9397353352276,100,0
6,0,0,401,0.2776471599999998,0.0483333333333333,0.0483333333333333,Null,0.0,284.7406657437185,569.481331487437,100,0
7,0,0,401,0.3206096933333331,0.0483333333333333,0.0483333333333333,Null,0.0,284.94376430079706,569.8875286015941,100,0
8,0,0,401,0.362140013333333,0.0483333333333333,0.0483333333333333,Null,0.0,285.10172984519147,570.2034596903829,100,0
9,0,0,401,0.402059093333333,0.0483333333333333,0.0483333333333333,Null,0.0,285.228102280707,570.456204561414,0,0
10,0,0,401,0.4401879066666663,0.0483333333333333,0.0483333333333333,Null,0.0,285.3314979097652,570.6629958195304,0,0
11,0,0,401,0.4863103866666663,0.0583333333333333,0.0483333333333333,Null,0.0,285.4176609339803,570.8353218679606,0,0
12,0,0,401,0.5302104666666663,0.0583333333333333,0.0583333333333333,Null,0.0,285.4176609339803,570.8353218679606,0,0
13,0,0,401,0.5716720799999996,0.0583333333333333,0.0583333333333333,Null,0.0,285.4176609339803,570.8353218679606,0,0
14,0,0,401,0.6104810933333329,0.0583333333333333,0.0583333333333333,Null,0.0,285.4176609339803,570.8353218679606,0,0
15,0,0,401,0.6467266166666662,0.0583333333333333,0.0583333333333333,Null,0.0,285.4176609339803,570.8353218679606,100,0
16,0,0,401,0.6804975666666663,0.0583333333333333,0.0583333333333333,Null,0.0,285.4176609339803,570.8353218679606,0,0
17,0,0,401,0.7115815499999996,0.0583333333333333,0.0583333333333333,Null,0.0,286.36545420034673,572.7309084006935,100,0
