,bg,eq_BG,CGM_glucose,IOB,rate,running_temp,unsafe_action_reason,LBGI,HBGI,BGI,Label,detection
0,0,0,129,0.0498147999999998,0.0499999999999999,0.0,Null,0.0,3.2530448681489634,6.506089736297927,0,0
1,0,0,122,6.136812902991485,6.109999942779541,0.0499999999999999,Null,0.0,2.1957798753936526,4.391559750787305,0,0
2,0,0,113,6.170615078036102,0.0799166659514109,6.109999942779541,Null,0.0,1.4649137064781617,2.9298274129563233,0,0
3,0,0,109,6.17170982891477,0.0705833335717519,0.0799166659514109,Null,0.0437651649637607,1.0986852798586213,2.2849008896447645,100,0
4,0,0,103,6.1576375631812414,0.0790833334128062,0.0705833335717519,Null,0.30585425577449393,0.8789482238868971,2.369604959322782,100,0
5,0,0,99,6.1109707932903445,0.0704166690508524,0.0790833334128062,Null,0.7278842832149062,0.7324568532390808,2.9206822729079738,100,0
6,0,0,80,5.982330190213125,0.0124166669944922,0.0704166690508524,Null,3.4920105415040466,0.6278201599192123,8.239661402846517,100,0
7,0,0,74,5.817299089011452,0.0,0.0124166669944922,Null,6.837923966724917,0.5493426399293106,14.774533213308455,100,0
8,0,0,77,5.678108956679817,0.0499999999999999,0.0,Null,8.834896984389463,0.48830456882605394,18.64640310643103,100,0
9,0,0,136,5.514574593218219,0.0499999999999999,0.0499999999999999,Null,7.951407285950516,1.0654492180631423,18.033713008027316,100,0
