,bg,eq_BG,CGM_glucose,IOB,rate,running_temp,unsafe_action_reason,LBGI,HBGI,BGI,Label,detection
0,0,0,297,0.0498147999999998,0.0499999999999999,0.0,Null,0.0,166.27199723635133,332.54399447270265,0,0
1,0,0,295,0.0992591999999998,0.0499999999999999,0.0499999999999999,Null,0.0,165.10985585171363,330.21971170342727,0,0
2,0,0,294,0.1481479999999997,0.0499999999999999,0.0499999999999999,Null,0.0,164.33521082440407,328.67042164880814,0,0
3,0,0,293,0.1962959999999996,0.0499999999999999,0.0499999999999999,Null,0.0,163.65750291260483,327.31500582520965,0,0
4,0,0,290,0.2435179999999995,0.0499999999999999,0.0499999999999999,Null,0.0,162.55428707703226,325.1085741540645,0,0
5,0,0,290,0.2896287999999994,0.0499999999999999,0.0499999999999999,Null,0.0,161.8188098533172,323.6376197066344,0,0
6,0,0,289,0.3344431999999993,0.0499999999999999,0.0499999999999999,Null,0.0,161.1277010954484,322.2554021908968,0,0
7,0,0,287,0.3777759999999992,0.0499999999999999,0.0499999999999999,Null,0.0,160.31940248473106,320.6388049694621,0,0
8,0,0,283,0.4194419999999991,0.0499999999999999,0.0499999999999999,Null,0.0,159.17573301517658,318.35146603035315,0,0
9,0,0,275,0.459255999999999,0.0499999999999999,0.0499999999999999,Null,0.0,157.33603531334072,314.67207062668143,0,0
10,0,0,270,0.497032799999999,0.0499999999999999,0.0499999999999999,Null,0.0,155.30709575127378,310.61419150254756,0,0
11,0,0,264,0.5325871999999989,0.0499999999999999,0.0499999999999999,Null,0.0,153.042169042415,306.08433808483,0,0
12,0,0,263,0.5657339999999988,0.0499999999999999,0.0499999999999999,Null,0.0,149.76804556025422,299.53609112050844,0,0
13,0,0,261,0.5962879999999988,0.0499999999999999,0.0499999999999999,Null,0.0,146.4969231071153,292.9938462142306,0,0
14,0,0,260,0.6240659999999988,0.0499999999999999,0.0499999999999999,Null,0.0,143.22738693010456,286.4547738602091,0,0
15,0,0,252,0.6491984999999988,0.0499999999999999,0.0499999999999999,Null,0.0,139.29586311371838,278.59172622743677,0,0
16,0,0,238,0.6718177999999988,0.0499999999999999,0.0499999999999999,Null,0.0,134.34280785930093,268.68561571860187,0,0
