,bg,eq_BG,CGM_glucose,IOB,rate,running_temp,unsafe_action_reason,LBGI,HBGI,BGI,Label,detection
0,0,0,60,0.0481543066666666,0.0483333333333333,0.0,Null,67.85301185773221,0.0,135.70602371546443,100,0
1,0,0,57,0.0959505599999999,0.0483333333333333,0.0483333333333333,Null,73.57427791525441,0.0,147.14855583050883,100,0
2,0,0,55,0.1432097333333332,0.0483333333333333,0.0483333333333333,Null,78.31019267409285,0.0,156.6203853481857,100,0
3,0,0,55,0.1897527999999998,0.0483333333333333,0.0483333333333333,Null,80.67815005351206,0.0,161.3563001070241,100,0
4,0,0,49,0.2354007333333331,0.0483333333333333,0.0483333333333333,Null,88.16822251638493,0.0,176.33644503276986,100,0
5,0,0,47,0.2799745066666664,0.0483333333333333,0.0483333333333333,Null,95.16674974204825,0.0,190.3334994840965,100,0
6,0,0,47,0.323295093333333,0.0483333333333333,0.0483333333333333,Null,100.1656977603792,0.0,200.3313955207584,100,0
7,0,0,47,0.3651834666666663,0.0483333333333333,0.0483333333333333,Null,103.91490877412741,0.0,207.82981754825482,100,0
8,0,0,47,0.4054605999999996,0.0483333333333333,0.0483333333333333,Null,106.83096178482046,0.0,213.66192356964092,0,0
9,0,0,52,0.4439474666666663,0.0483333333333333,0.0483333333333333,Null,106.3443633365234,0.0,212.6887266730468,0,0
10,0,0,53,0.4804650399999995,0.0483333333333333,0.0483333333333333,Null,105.49771698757424,0.0,210.99543397514847,100,0
11,0,0,54,0.5148342933333329,0.0483333333333333,0.0483333333333333,Null,104.39847589202812,0.0,208.79695178405623,100,0
12,0,0,52,0.5568391599999996,0.0583333333333333,0.0483333333333333,Null,107.2411396790379,0.0,214.4822793580758,100,0
13,0,0,55,0.5962635733333329,0.0583333333333333,0.0583333333333333,Null,107.94834619728731,0.0,215.89669239457461,0,0
14,0,0,54,0.6328933999999995,0.0583333333333333,0.0583333333333333,Null,108.32541300139157,0.0,216.65082600278313,0,0
15,0,0,64,0.6668177499999995,0.0583333333333333,0.0583333333333333,Null,105.56916076356414,0.0,211.13832152712828,0,0
16,0,0,68,0.6981274733333329,0.0583333333333333,0.0583333333333333,Null,99.36121082168258,0.0,198.72242164336515,0,0
17,0,0,100,0.7269134199999996,0.0583333333333333,0.0583333333333333,Null,88.71544996807252,0.0,177.43089993614504,0,0
