,bg,eq_BG,CGM_glucose,IOB,rate,running_temp,unsafe_action_reason,LBGI,HBGI,BGI,Label,detection
0,0,0,103,0.0498147999999998,0.0499999999999999,0.0,Null,1.3542106190174268,0.0,2.7084212380348536,0,0
1,0,0,102,0.0992591999999998,0.0499999999999999,0.0499999999999999,Null,1.5118071228116017,0.0,3.0236142456232034,0,0
2,0,0,102,0.1481479999999997,0.0499999999999999,0.0499999999999999,Null,1.5643392907429934,0.0,3.1286785814859868,0,0
3,0,0,101,0.1962959999999996,0.0499999999999999,0.0499999999999999,Null,1.6785223639789428,0.0,3.3570447279578857,0,0
4,0,0,103,0.2435179999999995,0.0499999999999999,0.0499999999999999,Null,1.6136600149866398,0.0,3.2273200299732796,0,0
5,0,0,103,0.2896287999999994,0.0499999999999999,0.0499999999999999,Null,1.5704184489917707,0.0,3.1408368979835415,0,0
6,0,0,104,0.3344431999999993,0.0499999999999999,0.0499999999999999,Null,1.4995711468238773,0.0,2.9991422936477545,0,0
7,0,0,105,0.3777759999999992,0.0499999999999999,0.0499999999999999,Null,1.4157826184570435,0.0,2.831565236914087,0,0
8,0,0,107,0.4194419999999991,0.0499999999999999,0.0499999999999999,Null,1.3072057191154574,0.0,2.6144114382309147,0,0
9,0,0,111,0.459255999999999,0.0499999999999999,0.0499999999999999,Null,1.1796856220732586,0.0,2.359371244146517,0,0
10,0,0,116,0.497032799999999,0.0499999999999999,0.0499999999999999,Null,1.0724414746120532,0.014676394529209956,2.1742357382825266,0,0
11,0,0,123,0.5325871999999989,0.0499999999999999,0.0499999999999999,Null,0.9830713517277155,0.1284558724054355,2.223054448266302,100,0
12,0,0,128,0.5657339999999988,0.0499999999999999,0.0499999999999999,Null,0.8702204668095964,0.3695245094309131,2.479489952481019,100,0
13,0,0,133,0.5962879999999988,0.0499999999999999,0.0499999999999999,Null,0.7311034979257818,0.775463429368921,3.0131338545894053,100,0
14,0,0,134,0.6240659999999988,0.0499999999999999,0.0499999999999999,Null,0.591986529041967,1.2186380517124444,3.621249161508823,100,0
15,0,0,135,0.6491984999999988,0.0499999999999999,0.0499999999999999,Null,0.42356389706806774,1.70039205699823,4.247911908132595,100,0
16,0,0,136,0.6718177999999988,0.0499999999999999,0.0499999999999999,Null,0.31071301214994884,2.2220379787646416,5.065501981829181,100,0
17,0,0,140,0.6920561999999988,0.0499999999999999,0.0499999999999999,Null,0.19786212723182994,2.915782934840032,6.227290124143724,100,0
