,bg,eq_BG,CGM_glucose,IOB,rate,running_temp,unsafe_action_reason,LBGI,HBGI,BGI,Label,detection
0,0,0,202,6.137183493019866,6.160000133514404,0.0,Null,0.0,60.05841011513121,120.11682023026242,0,0
1,0,0,198,6.141365012030792,0.0499999999999999,6.160000133514404,Null,0.0,58.03147077604258,116.06294155208516,0,0
2,0,0,196,6.122359490547179,0.0499999999999999,0.0499999999999999,Null,0.0,56.68812922586575,113.3762584517315,100,0
3,0,0,198,6.079981728569031,0.0499999999999999,0.0499999999999999,Null,0.0,56.517229778637805,113.03445955727561,100,0
4,0,0,205,6.014046526096343,0.0499999999999999,0.0499999999999999,Null,0.0,57.84138682239988,115.68277364479977,100,0
5,0,0,214,5.92436868312912,0.0499999999999999,0.0499999999999999,Null,0.0,60.29400275005585,120.5880055001117,100,0
6,0,0,222,5.810762999667357,0.0499999999999999,0.0499999999999999,Null,0.0,63.270100380893226,126.54020076178645,100,0
7,0,0,228,5.673044275711058,0.0499999999999999,0.0499999999999999,Null,0.0,66.31844733983216,132.63689467966432,100,0
8,0,0,235,5.511027311260222,0.0499999999999999,0.0499999999999999,Null,0.0,69.54649739462243,139.09299478924487,100,0
9,0,0,244,5.324526906314849,0.0499999999999999,0.0499999999999999,Null,0.0,73.13352032213426,146.26704064426852,100,0
10,0,0,255,5.113357860874938,0.0499999999999999,0.0499999999999999,Null,0.0,77.19888654003088,154.39777308006177,100,0
11,0,0,267,4.877334974940489,0.0499999999999999,0.0499999999999999,Null,0.0,81.72975838007412,163.45951676014823,100,0
12,0,0,278,12.277789345520016,7.740000057220459,0.0499999999999999,Null,0.0,88.7451164691072,177.4902329382144,100,0
13,0,0,287,11.934535658172608,0.0499999999999999,7.740000057220459,Null,0.0,96.96651486683686,193.93302973367372,100,0
14,0,0,292,11.537635170124055,0.0499999999999999,0.0499999999999999,Null,0.0,105.83831979249014,211.67663958498028,100,0
15,0,0,295,11.125552522212026,0.0499999999999999,0.0499999999999999,Null,0.0,114.83358504500032,229.66717009000064,100,0
16,0,0,294,10.698639974441337,0.0499999999999999,0.0499999999999999,Null,0.0,123.13757719269503,246.27515438539007,100,0
17,0,0,290,10.257029826811978,0.0499999999999999,0.0499999999999999,Null,0.0,130.26960563822888,260.53921127645776,100,0
18,0,0,284,9.800854379323956,0.0499999999999999,0.0499999999999999,Null,0.0,136.10775676797107,272.21551353594214,100,0
