,bg,eq_BG,CGM_glucose,IOB,rate,running_temp,unsafe_action_reason,LBGI,HBGI,BGI,Label,detection
0,0,0,83,0.0498147999999998,0.0499999999999999,0.0,Null,15.98770990421154,0.0,31.97541980842308,100,0
1,0,0,79,0.0992591999999998,0.0499999999999999,0.0499999999999999,Null,18.783769478598195,0.0,37.56753895719639,100,0
2,0,0,77,0.1481479999999997,0.0499999999999999,0.0499999999999999,Null,20.79274002763407,0.0,41.58548005526814,100,0
3,0,0,75,0.1962959999999996,0.0499999999999999,0.0499999999999999,Null,22.68429990756104,0.0,45.36859981512208,100,0
4,0,0,76,0.2435179999999995,0.0499999999999999,0.0499999999999999,Null,23.456190512307305,0.0,46.91238102461461,0,0
5,0,0,79,0.2896287999999994,0.0499999999999999,0.0499999999999999,Null,23.14346360242023,0.0,46.28692720484046,0,0
6,0,0,85,0.3344431999999993,0.0499999999999999,0.0499999999999999,Null,21.778590933196746,0.0,43.55718186639349,0,0
7,0,0,91,0.3777759999999992,0.0499999999999999,0.0499999999999999,Null,20.030385007301046,0.0,40.06077001460209,0,0
8,0,0,96,0.4194419999999991,0.0499999999999999,0.0499999999999999,Null,18.289711711419308,0.0,36.579423422838616,0,0
9,0,0,100,0.459255999999999,0.0499999999999999,0.0499999999999999,Null,16.701766102981804,0.0,33.40353220596361,0,0
10,0,0,103,0.497032799999999,0.0499999999999999,0.0499999999999999,Null,15.306533786257768,0.0,30.613067572515536,0,0
11,0,0,107,0.5325871999999989,0.0499999999999999,0.0499999999999999,Null,14.06753851443485,0.0,28.1350770288697,0,0
12,0,0,110,0.5657339999999988,0.0499999999999999,0.0499999999999999,Null,12.742635451700705,0.0,25.48527090340141,0,0
13,0,0,114,0.5962879999999988,0.0499999999999999,0.0499999999999999,Null,10.944316363951966,0.002480409774571197,21.893593547453072,0,0
14,0,0,118,0.6240659999999988,0.0499999999999999,0.0499999999999999,Null,8.876759603476483,0.03526383794517132,17.82404688284331,0,0
15,0,0,124,0.6491984999999988,0.0499999999999999,0.0499999999999999,Null,6.513511307864653,0.17214392028089232,13.371310456291091,0,0
16,0,0,129,0.6718177999999988,0.0499999999999999,0.0499999999999999,Null,4.301531896923623,0.44323099262663923,9.489525779100525,0,0
