,bg,eq_BG,CGM_glucose,IOB,rate,running_temp,unsafe_action_reason,LBGI,HBGI,BGI,Label,detection
0,0,0,316,0.0581172666666666,0.0583333333333333,0.0,Null,0.0,188.3785571258175,376.757114251635,0,0
1,0,0,309,0.1158023999999999,0.0583333333333333,0.0583333333333333,Null,0.0,184.30485754119886,368.6097150823977,0,0
2,0,0,301,0.1728393333333332,0.0583333333333333,0.0583333333333333,Null,0.0,179.8442154030278,359.6884308060556,0,0
3,0,0,291,0.2290119999999998,0.0583333333333333,0.0583333333333333,Null,0.0,174.708690235952,349.417380471904,0,0
4,0,0,283,0.2841043333333332,0.0583333333333333,0.0583333333333333,Null,0.0,169.77222764050975,339.5444552810195,0,0
5,0,0,276,0.3379002666666665,0.0583333333333333,0.0583333333333333,Null,0.0,165.13232950110694,330.2646590022139,0,0
6,0,0,274,0.3901837333333331,0.0583333333333333,0.0583333333333333,Null,0.0,161.48846363751457,322.97692727502914,0,0
7,0,0,272,0.4407386666666664,0.0583333333333333,0.0583333333333333,Null,0.0,158.46742621941817,316.93485243883634,0,0
8,0,0,270,0.4893489999999997,0.0583333333333333,0.0583333333333333,Null,0.0,155.8619010984388,311.7238021968776,0,0
9,0,0,265,0.5357986666666663,0.0583333333333333,0.0583333333333333,Null,0.0,153.2031393881605,306.406278776321,0,0
