,bg,eq_BG,CGM_glucose,IOB,rate,running_temp,unsafe_action_reason,LBGI,HBGI,BGI,Label,detection
0,0,0,142,0.0581172666666666,0.0583333333333333,0.0,Null,0.0,9.443032205170859,18.886064410341717,0,0
1,0,0,140,0.1158023999999999,0.0583333333333333,0.0583333333333333,Null,0.0,8.883985839037772,17.767971678075543,0,0
2,0,0,139,0.1728393333333332,0.0583333333333333,0.0583333333333333,Null,0.0,8.518248830431649,17.036497660863297,0,0
3,0,0,137,0.2290119999999998,0.0583333333333333,0.0583333333333333,Null,0.0,8.07714683023194,16.15429366046388,0,0
4,0,0,133,0.2841043333333332,0.0583333333333333,0.0583333333333333,Null,0.0,7.43597087203677,14.87194174407354,0,0
5,0,0,131,0.3379002666666665,0.0583333333333333,0.0583333333333333,Null,0.0,6.867897478027309,13.735794956054619,0,0
6,0,0,132,0.3901837333333331,0.0583333333333333,0.0583333333333333,Null,0.0,6.521190270063661,13.042380540127322,100,0
7,0,0,138,0.4407386666666664,0.0583333333333333,0.0583333333333333,Null,0.0,6.613911928024125,13.22782385604825,100,0
8,0,0,150,0.4893489999999997,0.0583333333333333,0.0583333333333333,Null,0.0,7.482173889175128,14.964347778350255,100,0
9,0,0,162,0.5357986666666663,0.0583333333333333,0.0583333333333333,Null,0.0,9.05558190217282,18.11116380434564,100,0
10,0,0,173,0.5798715999999996,0.0583333333333333,0.0583333333333333,Null,0.0,11.175555256393883,22.351110512787766,100,0
