,bg,eq_BG,CGM_glucose,IOB,rate,running_temp,unsafe_action_reason,LBGI,HBGI,BGI,Label,detection
0,0,0,82,0.0498147999999998,0.0499999999999999,0.0,Null,17.283022413252535,0.0,34.56604482650507,100,0
1,0,0,74,0.0992591999999998,0.0499999999999999,0.0499999999999999,Null,23.771170178261777,0.0,47.54234035652355,100,0
2,0,0,67,0.1689041686461287,0.0708333353201548,0.0499999999999999,Null,31.25577604232587,0.0,62.51155208465174,100,0
3,0,0,60,0.2168978352980769,0.0499999999999999,0.0708333353201548,Null,40.40508499617745,0.0,80.8101699923549,100,0
4,0,0,48,0.2140735352759994,0.0,0.0499999999999999,Null,57.12601565679124,0.0,114.25203131358248,100,0
5,0,0,39,0.2602460685798959,0.0499999999999999,0.0,Null,79.44016332139377,0.0,158.88032664278754,100,0
6,0,0,39,0.3052302352097665,0.0499999999999999,0.0499999999999999,Null,95.37884022468131,0.0,190.75768044936262,100,0
7,0,0,39,0.3695970038117403,0.0708333353201548,0.0499999999999999,Null,107.33284790214695,0.0,214.6656958042939,100,0
8,0,0,50,0.4114945037455075,0.0499999999999999,0.0708333353201548,Null,107.90722338667193,0.0,215.81444677334386,100,0
9,0,0,49,0.4515708703312231,0.0499999999999999,0.0499999999999999,Null,108.92935228479237,0.0,217.85870456958475,100,0
