Day,MSE_OpenAPS,MSE_BasalBolus,Unit
2,0.0018235879746852106,7.802315722129999e-05,U
