Day,MSE_OpenAPS,MSE_BasalBolus,Unit
2,0.006922929773890506,0.00012071278323667373,U
