,bg,eq_BG,CGM_glucose,IOB,rate,running_temp,unsafe_action_reason,LBGI,HBGI,BGI,Label,detection
0,0,0,116,0.0498147999999998,0.0499999999999999,0.0,Null,0.0,0.1614403398213095,0.322880679642619,100,0
1,0,0,107,0.0992591999999998,0.0499999999999999,0.0499999999999999,Null,0.2192952621913842,0.08072016991065475,0.6000308642040779,100,0
2,0,0,88,0.1481479999999997,0.0499999999999999,0.0499999999999999,Null,3.62704991978762,0.05381344660710317,7.361726732789446,100,0
3,0,0,61,0.1962959999999996,0.0499999999999999,0.0499999999999999,Null,18.808561109928874,0.04036008495532738,37.697842389768404,0,0
4,0,0,94,0.2435179999999995,0.0499999999999999,0.0499999999999999,Null,16.166139476498433,0.0322880679642619,32.39685508892539,0,0
5,0,0,94,0.2896287999999994,0.0499999999999999,0.0499999999999999,Null,14.404525054211472,0.026906723303551584,28.86286355503005,0,0
6,0,0,94,0.4017762057751649,0.1175833344459533,0.0499999999999999,Null,13.146229038292214,0.023062905688758503,26.338583887961946,0,0
7,0,0,93,0.4470990884335893,0.0525,0.1175833344459533,Null,12.288048054635283,0.02018004247766369,24.616456194225897,0,0
8,0,0,97,0.5011965046983505,0.063250000278155,0.0525,Null,11.346474812949745,0.017937815535701056,22.72882525697089,0,0
9,0,0,107,0.5158061008777516,0.0258333335320154,0.063250000278155,Null,10.255686384093048,0.01614403398213095,20.54366083615036,0,0
10,0,0,121,0.5278337341130885,0.0254166672627131,0.0258333335320154,Null,9.323351258266406,0.09818026580204904,18.843063048136912,0,0
11,0,0,125,0.6243627053904128,0.1125000019868214,0.0254166672627131,Null,8.54640532007754,0.25046487622684677,17.593740392608773,0,0
12,0,0,121,0.7222932850945926,0.1169166664282481,0.1125000019868214,Null,8.54640532007754,0.3135567299085068,17.719924099972097,0,0
13,0,0,119,1.0199371011047704,0.3208333253860473,0.1169166664282481,Null,8.50985610971231,0.35900814850019747,17.737728516425012,0,0
14,0,0,130,1.1046294710565625,0.1125000019868214,0.3208333253860473,Null,7.639642840130635,0.6616267994681734,16.602539279197618,0,0
