,bg,eq_BG,CGM_glucose,IOB,rate,running_temp,unsafe_action_reason,LBGI,HBGI,BGI,Label,detection
0,0,0,111,0.0,0.0,0.0,Null,0.03200474869346796,0.0,0.06400949738693593,100,0
1,0,0,107,0.0581172666666666,0.0583333333333333,0.0,Null,0.2352976365381182,0.0,0.4705952730762364,100,0
2,0,0,102,0.0703879070957978,0.0127499997615814,0.0583333333333333,Null,0.7133329665606709,0.0,1.4266659331213418,100,0
3,0,0,98,0.069645255097564,0.0,0.0127499997615814,Null,1.3613811901158046,0.0,2.722762380231609,100,0
4,0,0,96,0.1267565771002132,0.0583333333333333,0.0,Null,1.9619700209657274,0.0,3.9239400419314547,100,0
5,0,0,92,0.1831724731037456,0.0583333333333333,0.0583333333333333,Null,2.803718626608052,0.0,5.607437253216104,100,0
6,0,0,89,0.2386768764414944,0.0583333333333333,0.0583333333333333,Null,3.7612438532899164,0.0,7.522487706579833,100,0
7,0,0,89,0.293053720446793,0.0583333333333333,0.0583333333333333,Null,4.479387773301314,0.0,8.958775546602627,100,0
8,0,0,89,0.3460869384529748,0.0583333333333333,0.0583333333333333,Null,5.037944155532401,0.0,10.075888311064801,0,0
9,0,0,95,2.589411711300468,2.258333381017049,0.0583333333333333,Null,5.029957946980497,0.0,10.059915893960994,0,0
10,0,0,106,3.2418371664505803,0.6796600168645381,2.258333381017049,Null,4.628834446979978,0.0,9.257668893959956,100,0
11,0,0,121,3.260493916868219,0.0583333323399225,0.6796600168645381,Null,4.2430982430649795,0.07654521533343583,8.63928691679683,0,0
12,0,0,142,3.2664925814047456,0.0583333333333333,0.0583333323399225,Null,4.240431180673856,0.8634645657643408,10.207791492876394,100,0
