,bg,eq_BG,CGM_glucose,IOB,rate,running_temp,unsafe_action_reason,LBGI,HBGI,BGI,Label,detection
0,0,0,275,0.0498147999999998,0.0499999999999999,0.0,Null,0.0,140.77875599681786,281.5575119936357,100,0
1,0,0,287,0.0992591999999998,0.0499999999999999,0.0499999999999999,Null,0.0,147.7200341032637,295.4400682065274,100,0
2,0,0,295,0.1481479999999997,0.0499999999999999,0.0499999999999999,Null,0.0,153.1292608912011,306.2585217824022,100,0
3,0,0,299,0.1962959999999996,0.0499999999999999,0.0499999999999999,Null,0.0,156.99622267353047,313.99244534706094,100,0
4,0,0,299,0.2435179999999995,0.0499999999999999,0.0499999999999999,Null,0.0,159.31639974292807,318.63279948585614,100,0
5,0,0,298,0.2896287999999994,0.0499999999999999,0.0499999999999999,Null,0.0,160.66940919315118,321.33881838630236,100,0
6,0,0,296,0.3344431999999993,0.0499999999999999,0.0499999999999999,Null,0.0,161.30374287602055,322.6074857520411,100,0
7,0,0,295,0.3777759999999992,0.0499999999999999,0.0499999999999999,Null,0.0,161.63423932490247,323.26847864980493,100,0
8,0,0,296,0.4194419999999991,0.0499999999999999,0.0499999999999999,Null,0.0,162.02040661916183,324.04081323832366,100,0
9,0,0,299,0.459255999999999,0.0499999999999999,0.0499999999999999,Null,0.0,162.67807675929754,325.3561535185951,100,0
10,0,0,301,0.497032799999999,0.0499999999999999,0.0499999999999999,Null,0.0,163.4276089745146,326.8552179490292,100,0
11,0,0,308,0.5325871999999989,0.0499999999999999,0.0499999999999999,Null,0.0,164.7309195027805,329.461839005561,100,0
12,0,0,319,0.5657339999999988,0.0499999999999999,0.0499999999999999,Null,0.0,168.98852450786592,337.97704901573184,100,0
13,0,0,335,0.5962879999999988,0.0499999999999999,0.0499999999999999,Null,0.0,173.63964332863117,347.27928665726233,100,0
