,bg,eq_BG,CGM_glucose,IOB,rate,running_temp,unsafe_action_reason,LBGI,HBGI,BGI,Label,detection
0,0,0,370,0.0498147999999998,0.0499999999999999,0.0,Null,0.0,250.94544966296937,501.89089932593873,100,0
1,0,0,372,0.0992591999999998,0.0499999999999999,0.0499999999999999,Null,0.0,252.09490779799034,504.1898155959807,100,0
2,0,0,373,0.1481479999999997,0.0499999999999999,0.0499999999999999,Null,0.0,252.86099485015046,505.7219897003009,0,0
3,0,0,371,0.1962959999999996,0.0499999999999999,0.0499999999999999,Null,0.0,252.66952730282046,505.3390546056409,0,0
4,0,0,368,0.2435179999999995,0.0499999999999999,0.0499999999999999,Null,0.0,251.86458523372875,503.7291704674575,0,0
5,0,0,364,0.2896287999999994,0.0499999999999999,0.0499999999999999,Null,0.0,250.56024672775987,501.12049345551975,0,0
6,0,0,361,0.3344431999999993,0.0499999999999999,0.0499999999999999,Null,0.0,249.13444587516636,498.2688917503327,0,0
7,0,0,359,0.3777759999999992,0.0499999999999999,0.0499999999999999,Null,0.0,247.77661119526778,495.55322239053555,0,0
8,0,0,361,0.4194419999999991,0.0499999999999999,0.0499999999999999,Null,0.0,246.97694781352752,493.95389562705503,0,0
9,0,0,365,0.459255999999999,0.0499999999999999,0.0499999999999999,Null,0.0,246.79832626706062,493.59665253412123,0,0
10,0,0,368,0.497032799999999,0.0499999999999999,0.0499999999999999,Null,0.0,246.96618905708803,493.93237811417606,0,0
11,0,0,366,0.5325871999999989,0.0499999999999999,0.0499999999999999,Null,0.0,246.9142154273139,493.8284308546278,0,0
12,0,0,365,0.5657339999999988,0.0499999999999999,0.0499999999999999,Null,0.0,246.43465565113803,492.86931130227606,0,0
13,0,0,363,0.546473199999999,0.0,0.0499999999999999,Null,0.0,245.5714564990301,491.1429129980602,0,0
14,0,0,364,0.574621599999999,0.0499999999999999,0.0,Null,0.0,244.7085719359838,489.4171438719676,0,0
15,0,0,363,8.820581492578011,8.300832877556482,0.0499999999999999,Null,0.0,243.9411428898909,487.8822857797818,0,0
