,bg,eq_BG,CGM_glucose,IOB,rate,running_temp,unsafe_action_reason,LBGI,HBGI,BGI,Label,detection
0,0,0,83,0.0498147999999998,0.0499999999999999,0.0,Null,15.98770990421154,0.0,31.97541980842308,0,0
1,0,0,89,0.0992591999999998,0.0499999999999999,0.0499999999999999,Null,12.74705255879632,0.0,25.49410511759264,0,0
2,0,0,95,0.1481479999999997,0.0499999999999999,0.0499999999999999,Null,10.15072906253533,0.0,20.30145812507066,0,0
3,0,0,102,0.1962959999999996,0.0499999999999999,0.0499999999999999,Null,8.030397703552943,0.0,16.060795407105886,0,0
4,0,0,112,0.2435179999999995,0.0499999999999999,0.0499999999999999,Null,6.4250558297236635,0.0,12.850111659447327,0,0
5,0,0,124,0.2896287999999994,0.0499999999999999,0.0499999999999999,Null,5.354213191436386,0.273760164671442,11.255946712215657,100,0
6,0,0,139,0.3344431999999993,0.0499999999999999,0.0499999999999999,Null,4.58932559265976,1.3470479716068642,11.872747128533248,100,0
7,0,0,152,0.3777759999999992,0.0499999999999999,0.0499999999999999,Null,4.01565989357729,3.152637715342641,14.336595217839863,100,0
8,0,0,154,0.4194419999999991,0.0499999999999999,0.0499999999999999,Null,3.569475460957591,4.713245020844264,16.56544096360371,100,0
9,0,0,143,0.459255999999999,0.0499999999999999,0.0499999999999999,Null,3.2125279148618318,5.244153828115631,16.913363485954925,100,0
