,bg,eq_BG,CGM_glucose,IOB,rate,running_temp,unsafe_action_reason,LBGI,HBGI,BGI,Label,detection
0,0,0,231,0.0498147999999998,0.0499999999999999,0.0,Null,0.0,90.95113657423491,181.90227314846982,100,0
1,0,0,241,0.0992591999999998,0.0499999999999999,0.0499999999999999,Null,0.0,96.5024271416562,193.0048542833124,100,0
2,0,0,247,0.1481479999999997,0.0499999999999999,0.0499999999999999,Null,0.0,100.59921787320613,201.19843574641226,100,0
3,0,0,251,0.1962959999999996,0.0499999999999999,0.0499999999999999,Null,0.0,103.77764782398904,207.55529564797808,100,0
4,0,0,255,0.2435179999999995,0.0499999999999999,0.0499999999999999,Null,0.0,106.59262800299064,213.18525600598127,100,0
5,0,0,262,0.2896287999999994,0.0499999999999999,0.0499999999999999,Null,0.0,109.80017834890354,219.6003566978071,100,0
6,0,0,271,0.3344431999999993,0.0499999999999999,0.0499999999999999,Null,0.0,113.56709445922144,227.13418891844287,100,0
7,0,0,279,0.3777759999999992,0.0499999999999999,0.0499999999999999,Null,0.0,117.54601416249318,235.09202832498636,100,0
8,0,0,287,0.4194419999999991,0.0499999999999999,0.0499999999999999,Null,0.0,121.66993616773945,243.3398723354789,100,0
9,0,0,292,0.459255999999999,0.0499999999999999,0.0499999999999999,Null,0.0,125.54925307430068,251.09850614860136,100,0
10,0,0,297,0.497032799999999,0.0499999999999999,0.0499999999999999,Null,0.0,129.25132072539617,258.50264145079234,100,0
11,0,0,299,0.5325871999999989,0.0499999999999999,0.0499999999999999,Null,0.0,132.53013633332307,265.06027266664614,100,0
12,0,0,300,0.5657339999999988,0.0499999999999999,0.0499999999999999,Null,0.0,139.09753642049753,278.19507284099507,100,0
13,0,0,300,0.5962879999999988,0.0499999999999999,0.0499999999999999,Null,0.0,144.7397214131018,289.4794428262036,100,0
14,0,0,300,0.6240659999999988,0.0499999999999999,0.0499999999999999,Null,0.0,149.8203162701036,299.6406325402072,100,0
