,bg,eq_BG,CGM_glucose,IOB,rate,running_temp,unsafe_action_reason,LBGI,HBGI,BGI,Label,detection
0,0,0,201,0.0498147999999998,0.0499999999999999,0.0,Null,0.0,59.039183260626075,118.07836652125215,0,0
1,0,0,200,0.0992591999999998,0.0499999999999999,0.0499999999999999,Null,0.0,58.53146193772139,117.06292387544278,0,0
2,0,0,198,0.1481479999999997,0.0499999999999999,0.0499999999999999,Null,0.0,57.6891517707989,115.3783035415978,0,0
3,0,0,194,0.1962959999999996,0.0499999999999999,0.0499999999999999,Null,0.0,56.27065773804045,112.5413154760809,0,0
4,0,0,190,0.2435179999999995,0.0499999999999999,0.0499999999999999,Null,0.0,54.63572383831142,109.27144767662284,0,0
5,0,0,184,0.2896287999999994,0.0499999999999999,0.0499999999999999,Null,0.0,52.590157405805236,105.18031481161047,0,0
6,0,0,179,0.3344431999999993,0.0499999999999999,0.0499999999999999,Null,0.0,50.467564281748224,100.93512856349645,0,0
7,0,0,177,0.3777759999999992,0.0499999999999999,0.0499999999999999,Null,0.0,48.64924793968144,97.29849587936287,0,0
8,0,0,178,0.4194419999999991,0.0499999999999999,0.0499999999999999,Null,0.0,47.33527094958034,94.67054189916068,0,0
9,0,0,173,0.459255999999999,0.0499999999999999,0.0499999999999999,Null,0.0,45.839272734482755,91.67854546896551,0,0
10,0,0,176,0.497032799999999,0.0499999999999999,0.0499999999999999,Null,0.0,44.856145343415854,89.71229068683171,0,0
11,0,0,179,0.5325871999999989,0.0499999999999999,0.0499999999999999,Null,0.0,44.26246702624837,88.52493405249675,0,0
12,0,0,185,0.5657339999999988,0.0499999999999999,0.0499999999999999,Null,0.0,42.951290586476595,85.90258117295319,0,0
13,0,0,194,0.7291274706255901,0.1833333373069763,0.0499999999999999,Null,0.0,42.450576838555634,84.90115367711127,0,0
14,0,0,194,8.228138687404728,7.550000953674316,0.1833333373069763,Null,0.0,42.118130522123224,84.23626104424645,0,0
