,bg,eq_BG,CGM_glucose,IOB,rate,running_temp,unsafe_action_reason,LBGI,HBGI,BGI,Label,detection
0,0,0,153,0.0249074009897311,0.0250000009934107,0.0,Null,0.0,16.489697032928806,32.97939406585761,100,0
1,0,0,168,0.0745370009823718,0.0499999999999999,0.0250000009934107,Null,0.0,22.293622827773127,44.587245655546255,100,0
2,0,0,181,0.1237036009713329,0.0499999999999999,0.0499999999999999,Null,0.0,28.051410655422387,56.102821310844774,100,0
3,0,0,190,0.1722220009566144,0.0499999999999999,0.0499999999999999,Null,0.0,33.062555051415615,66.12511010283123,100,0
4,0,0,195,0.2199070009382164,0.0499999999999999,0.0499999999999999,Null,0.0,37.05127698856736,74.10255397713472,100,0
5,0,0,195,0.2665734009161387,0.0499999999999999,0.0499999999999999,Null,0.0,39.710424946668525,79.42084989333705,100,0
6,0,0,191,0.3120360008903814,0.0499999999999999,0.0499999999999999,Null,0.0,41.04734714326378,82.09469428652756,0,0
7,0,0,181,0.3561096008609447,0.0499999999999999,0.0499999999999999,Null,0.0,40.862302039195924,81.72460407839185,0,0
8,0,0,172,0.3986090008278282,0.0499999999999999,0.0499999999999999,Null,0.0,39.822660354459195,79.64532070891839,0,0
9,0,0,164,0.4393490007910322,0.0499999999999999,0.0499999999999999,Null,0.0,38.32147560390737,76.64295120781475,0,0
