,bg,eq_BG,CGM_glucose,IOB,rate,running_temp,unsafe_action_reason,LBGI,HBGI,BGI,Label,detection
0,0,0,241,0.0498147999999998,0.0499999999999999,0.0,Null,0.0,102.05371770907747,204.10743541815495,0,0
1,0,0,233,0.0992591999999998,0.0499999999999999,0.0499999999999999,Null,0.0,97.60548326804347,195.21096653608694,0,0
2,0,0,228,1.971256351032288,1.879886249701182,0.0499999999999999,Null,0.0,94.28928086283057,188.57856172566113,0,0
3,0,0,225,2.063965816402244,0.1083333293596903,1.879886249701182,Null,0.0,91.81236554078905,183.6247310815781,100,0
4,0,0,227,2.090421987091668,0.0499999999999999,0.1083333293596903,Null,0.0,90.76248217140459,181.52496434280917,100,0
5,0,0,238,2.1087729924602505,0.0499999999999999,0.0499999999999999,Null,0.0,92.08619525645923,184.17239051291847,100,0
6,0,0,245,2.1188336325079917,0.0499999999999999,0.0499999999999999,Null,0.0,94.15112164977265,188.3022432995453,100,0
7,0,0,252,2.291947659383519,0.2221666574478149,0.0499999999999999,Null,0.0,96.6879931161227,193.3759862322454,100,0
8,0,0,255,2.521877353899891,0.2891666690508524,0.2221666574478149,Null,0.0,99.03961040533098,198.07922081066195,100,0
9,0,0,257,2.7338266256691286,0.2824166615804037,0.2891666690508524,Null,0.0,101.1485535368715,202.297107073743,100,0
10,0,0,256,2.928019784114042,0.2769166628519694,0.2824166615804037,Null,0.0,102.77052708480898,205.54105416961795,100,0
11,0,0,256,3.104613842176628,0.2725833257039388,0.2769166628519694,Null,0.0,104.12217170809022,208.24434341618044,100,0
12,0,0,253,5.2163517028726565,2.2292500336964927,0.2725833257039388,Null,0.0,105.24939808108229,210.49879616216458,100,0
13,0,0,254,5.1852486872208265,0.1083333293596903,2.2292500336964927,Null,0.0,107.21262145919815,214.4252429183963,100,0
14,0,0,255,5.073704970198248,0.0499999999999999,0.1083333293596903,Null,0.0,109.72892751474747,219.45785502949494,100,0
15,0,0,253,4.940184381164614,0.0499999999999999,0.0499999999999999,Null,0.0,112.32882873227396,224.65765746454792,100,0
16,0,0,250,4.784892415569908,0.0499999999999999,0.0499999999999999,Null,0.0,114.46366620221056,228.92733240442112,100,0
17,0,0,249,4.619444413077935,0.0499999999999999,0.0499999999999999,Null,0.0,115.4924617418944,230.9849234837888,100,0
