,bg,eq_BG,CGM_glucose,IOB,rate,running_temp,unsafe_action_reason,LBGI,HBGI,BGI,Label,detection
0,0,0,69,0.0498147999999998,0.0499999999999999,0.0,Null,41.15150775707608,0.0,82.30301551415216,0,0
1,0,0,69,0.0992591999999998,0.0499999999999999,0.0499999999999999,Null,41.15150775707608,0.0,82.30301551415216,0,0
2,0,0,70,0.1481479999999997,0.0499999999999999,0.0499999999999999,Null,40.359681122399806,0.0,80.71936224479961,0,0
3,0,0,74,0.1962959999999996,0.0499999999999999,0.0499999999999999,Null,37.834590327617605,0.0,75.66918065523521,0,0
4,0,0,80,0.2435179999999995,0.0499999999999999,0.0499999999999999,Null,34.28302588034186,0.0,68.56605176068372,0,0
5,0,0,86,0.2896287999999994,0.0499999999999999,0.0499999999999999,Null,30.649561390642667,0.0,61.299122781285334,0,0
6,0,0,91,0.3344431999999993,0.0499999999999999,0.0499999999999999,Null,27.38433026712674,0.0,54.76866053425348,0,0
7,0,0,93,0.3777759999999992,0.0499999999999999,0.0499999999999999,Null,24.746386629865494,0.0,49.49277325973099,0,0
8,0,0,96,0.4194419999999991,0.0499999999999999,0.0499999999999999,Null,22.48171315369882,0.0,44.96342630739764,0,0
9,0,0,99,0.459255999999999,0.0499999999999999,0.0499999999999999,Null,20.517345280370634,0.0,41.03469056074127,0,0
10,0,0,105,0.497032799999999,0.0499999999999999,0.0499999999999999,Null,18.727519611235962,0.0,37.455039222471925,0,0
11,0,0,114,0.5325871999999989,0.0499999999999999,0.0499999999999999,Null,17.166892976966295,0.002480409774571197,34.33874677348173,0,0
12,0,0,126,0.5657339999999988,0.0499999999999999,0.0499999999999999,Null,13.737600663876622,0.18820015798466258,27.851601643722567,0,0
13,0,0,141,0.5962879999999988,0.0499999999999999,0.0499999999999999,Null,10.308308350786943,0.9279610901019868,22.47253888177786,0,0
