BG,OpenAPS,Basal_Bolus,DCLP3
84.0,0.0,0.049999999999999996,0.010916666438182192
81.0,0.0,0.049999999999999996,0.0
85.0,0.049999999999999996,0.049999999999999996,0.049999999999999996
89.0,0.049999999999999996,0.049999999999999996,0.009072000235319134
94.0,0.049999999999999996,0.049999999999999996,0.033333333830038704
91.0,0.0,0.049999999999999996,0.0915000041325887
92.0,0.0,0.049999999999999996,0.06141666571299235
91.0,0.0,0.049999999999999996,0.045249998569488525
96.0,0.049999999999999996,0.049999999999999996,0.02891666690508524
92.0,0.0,0.049999999999999996,0.07041666905085245
96.0,0.049999999999999996,0.049999999999999996,0.03458333263794581
98.0,0.0,0.049999999999999996,0.061916664242744446
105.0,0.0,0.049999999999999996,0.07066666583220163
108.0,0.0,0.049999999999999996,0.0749999980131785
102.0,0.0,0.049999999999999996,0.049999999999999996
111.0,0.049999999999999996,0.049999999999999996,0.07374999920527141
111.0,0.0,0.049999999999999996,0.0749999980131785
104.0,0.0,0.049999999999999996,0.049999999999999996
95.0,0.0,0.049999999999999996,0.049999999999999996
88.0,0.0,0.049999999999999996,0.049999999999999996
88.0,0.0,0.049999999999999996,0.049999999999999996
89.0,0.0,0.049999999999999996,0.0
91.0,0.0,0.049999999999999996,0.049999999999999996
92.0,0.0,0.049999999999999996,0.0203333335618178
