,bg,eq_BG,CGM_glucose,IOB,rate,running_temp,unsafe_action_reason,LBGI,HBGI,BGI,Label,detection
0,0,0,105,0.0638459681520064,0.0640833328167597,0.0,Null,0.8292629198892072,0.0,1.6585258397784144,100,0
1,0,0,103,0.1273002305722632,0.0641666650772094,0.0640833328167597,Null,1.091736769453317,0.0,2.183473538906634,100,0
2,0,0,102,0.1556695717711049,0.0296666671832402,0.0641666650772094,Null,1.2842923885041369,0.0,2.5685847770082737,0,0
3,0,0,102,0.1835101539770958,0.0298333341876665,0.0296666671832402,Null,1.3805701980295468,0.0,2.7611403960590937,0,0
4,0,0,102,0.2273988131271796,0.0467499991257985,0.0298333341876665,Null,1.4383368837447927,0.0,2.8766737674895855,0,0
5,0,0,102,0.2895074443988796,0.0660833319028218,0.0467499991257985,Null,1.4768480075549566,0.0,2.953696015109913,0,0
6,0,0,102,0.331660418920755,0.0474166671435038,0.0660833319028218,Null,1.504355953133645,0.0,3.00871190626729,0,0
7,0,0,102,0.3921086387646393,0.0672499984502792,0.0474166671435038,Null,1.5249869123176616,0.0,3.049973824635323,0,0
8,0,0,103,0.4431314086627359,0.0595833311478296,0.0672499984502792,Null,1.5060117686176355,0.0,3.012023537235271,0,0
9,0,0,104,0.5147574098195229,0.0822499990463256,0.0595833311478296,Null,1.4628593251375235,0.0,2.925718650275047,0,0
